SN,LCDVendor,CameraID,FromTime,ToTime,Result,LSTX_SG_Black_Analyze-BlackSPLCDAlgorithm,LSTX_SG_Black_Analyze-BlackSPLCDAlgorithm,LSTX_SG_BlackZoom_Analyze-BlackSDefPAlgorithmZoom,LSTX_SG_BlackZoom_Analyze-BlackSDefPAlgorithmZoom,LSTX_SG_BlackZoom_Analyze-BlackSDefPAlgorithmZoom,LSTX_SG_BlackZoom_Analyze-BlackSDefPAlgorithmZoom,LSTX_SG_BlackZoom_Analyze-BlackSDefPAlgorithmZoom,LSTX_SG_BlackZoom_Analyze-BlackSDefPAlgorithmZoom,LSTX_SG_BlackZoom_Analyze-BlackSDefPAlgorithmZoom,LSTX_SG_BlackZoom_Analyze-BlackSDefPAlgorithmZoom,LSTX_SG_BlackZoom_Analyze-BlackSRefPAlgorithmZoom,LSTX_SG_BlackZoom_Analyze-BlackSRefPAlgorithmZoom,LSTX_SG_BlackZoom_Analyze-BlackSRefPAlgorithmZoom,LSTX_SG_BlackZoom_Analyze-BlackSRefPAlgorithmZoom,LSTX_SG_BlackZoom_Analyze-BlackSRefPAlgorithmZoom,LSTX_SG_BlackZoom_Analyze-BlackSRefPAlgorithmZoom,LSTX_SG_BlackZoom_Analyze-BlackSRefPAlgorithmZoom,LSTX_SG_BlackZoom_Analyze-BlackSRefPAlgorithmZoom,LSTX_SG_Blue_Analyze-BlueSPAlgorithm,LSTX_SG_Blue_Analyze-BlueSPAlgorithm,LSTX_SG_BlueZoom_Analyze-BlueSBlackPAlgorithmZoom,LSTX_SG_BlueZoom_Analyze-BlueSBlackPAlgorithmZoom,LSTX_SG_BlueZoom_Analyze-BlueSBlackPAlgorithmZoom,LSTX_SG_BlueZoom_Analyze-BlueSBlackPAlgorithmZoom,LSTX_SG_Green_Analyze-GreenSPAlgorithm,LSTX_SG_Green_Analyze-GreenSPAlgorithm,LSTX_SG_GreenZoom_Analyze-GreenSBlackPAlgorithmZoom,LSTX_SG_GreenZoom_Analyze-GreenSBlackPAlgorithmZoom,LSTX_SG_Red_Analyze-RedSPAlgorithm,LSTX_SG_Red_Analyze-RedSPAlgorithm,LSTX_SG_RedZoom_Analyze-RedSBlackPAlgorithmZoom,LSTX_SG_RedZoom_Analyze-RedSBlackPAlgorithmZoom,LSTX_SG_RedZoom_Analyze-RedSBlackPAlgorithmZoom,LSTX_SG_RedZoom_Analyze-RedSBlackPAlgorithmZoom,LSTX_SG_White_Analyze-WhiteSPAlgorithm,LSTX_SG_White_Analyze-WhiteSPAlgorithm,LSTX_SG_WhiteZoom_Analyze-WhiteSBlackPAlgorithmZoom,LSTX_SG_WhiteZoom_Analyze-WhiteSBlackPAlgorithmZoom,LSTX_SG_WhiteZoom_Analyze-WhiteSBlackPAlgorithmZoom,LSTX_SG_WhiteZoom_Analyze-WhiteSBlackPAlgorithmZoom,LSTX_SG_WhiteZoom_Analyze-WhiteSBlackPAlgorithmZoom,LSTX_SG_WhiteZoom_Analyze-WhiteSBlackPAlgorithmZoom,LSTX_SG_WhiteZoom_Analyze-WhiteSWhitePAlgorithmZoom,LSTX_SG_WhiteZoom_Analyze-WhiteSWhitePAlgorithmZoom
,,,,,,Criterion,Value,Value,Value,Criterion,Criterion,Criterion,Value,Value,Criterion,Criterion,Criterion,Value,Criterion,Value,Value,Criterion,Value,Criterion,Value,Criterion,Value,Value,Criterion,Criterion,Value,Criterion,Value,Criterion,Value,Value,Criterion,Value,Criterion,Criterion,Value,Criterion,Value,Value,Criterion,Criterion,Value,Criterion,Value
1L,,,2019/1/17 10:10:25,2019/1/17 10:11:41,FAIL,,,,,,,,,,,,,,,,,,,,,,,,,,,,,,0.075,,,,,,0.42,W(0.05:)&N(:0]-->W,0.3120,,,,,,
2L,,,2019/1/17 10:14:21,2019/1/17 10:14:56,FAIL,,,,,,,,,,,,,,,,,,,,,,,,,,,,,,,,,,,,0.4,W(0.05:)&N(:0]-->W,0.0750,,,,,,
3L,,,2019/1/17 10:17:29,2019/1/17 10:17:50,PASS,,,,,,,,,,,,,,,,,,,,,,,,,,,,,,,,,,,,,,,,,,,,
4L,,,2019/1/17 10:19:25,2019/1/17 10:22:26,PASS,,0.092,0.029,0.029,,,,0.029,0.029,,,,,,,,,,,0.073,,0.036,,,,,,,,,,,,,,0.413,,,,,,,,
4L-1,,,2019/1/17 10:26:20,2019/1/17 10:29:27,PASS,,0.113,0.033,0.033,,,,0.027,0.027,,,,,,,,,,,0.088,,0.037,,,,,,,,,,,,,,0.413,,,,,,,,
5L,,,2019/1/17 10:34:27,2019/1/17 10:35:03,PASS,,0.324,,,,,,,,,,,,,,,,,,,,,,,,,,,,,,,,,,,,,,,,,,
6L,,,2019/1/17 10:37:06,2019/1/17 10:37:53,PASS,,0.044,,,,,,,,,,,,,,,,,,,,,,,,,,,,,,,,,,0.193,,,,,,,,
7L,,,2019/1/17 10:39:45,2019/1/17 10:40:20,FAIL,,,,,,,,,,,,,,,,,,,,,,,,,,,,,,,,,,,,0.28,D(0.2:)&N(:0]-->D,0.2350,,,,,,
8L,,,2019/1/17 10:43:19,2019/1/17 10:45:45,FAIL,,0.06,,,,,,,,,,,,,,,,,,0.118,,,,,,,,,,,,,,,,0.147,W(0.05:)&N(:0]-->W,0.1930,,,,,,
9L,,,2019/1/17 10:51:01,2019/1/17 10:53:36,FAIL,,0.148,0.064,0.064,,,,,,,,,,,,,,,,,,,,,,0.132,D(0.05:0.1]&N(:0]&DS(:5)-->DS,0.322,,0.141,0.417,D(0.05:0.1]&N(:0]&DS(:5)-->DS,,,,0.848,,0.125,0.125,,,,,
10L,,,2019/1/17 12:35:06,2019/1/17 12:35:50,PASS,,,,,,,,,,,,,,,,,,,,,,,,,,,,,,,,,,,,0.113,,,,,,,,
11L,,,2019/1/17 12:37:40,2019/1/17 12:38:14,PASS,,,,,,,,,,,,,,,,,,,,,,,,,,,,,,,,,,,,0.354,,0.141,,,,,,
12L,,,2019/1/17 12:40:57,2019/1/17 12:41:53,FAIL,,,,,,,,,,,,,,,,,,,,,,,,,,,,,,,,,,,,0.162,D(0.05:0.1]&N(:0]&DS(:5)-->DS,1.525,0.111,,,0.111,,
13L,,,2019/1/17 12:54:13,2019/1/17 12:54:49,PASS,,0.071,,,,,,,,,,,,,,,,,,,,,,,,,,,,,,,,,,,,,,,,,,
14L,,,2019/1/17 12:58:05,2019/1/17 12:58:41,PASS,,0.132,,,,,,,,,,,,,,,,,,,,,,,,,,,,,,,,,,,,,,,,,,
15L,,,2019/1/17 13:00:20,2019/1/17 13:00:41,PASS,,,,,,,,,,,,,,,,,,,,,,,,,,,,,,,,,,,,,,,,,,,,
16L,,,2019/1/17 13:03:05,2019/1/17 13:03:49,PASS,,,,,,,,,,,,,,,,,,,,,,,,,,,,,,,,,,,,0.088,,0.067,,,,,,
17L,,,2019/1/17 13:06:51,2019/1/17 13:08:07,FAIL,,,,,,,,,,,,,,,,,,,,0.073,D(0.05:0.1]&N(:0]&DS(:5)-->DS,0.402,,,,,,,,,,,,,,0.658,,0.05,0.065,,,0.05,,
18L,,,2019/1/17 13:10:27,2019/1/17 13:10:49,PASS,,,,,,,,,,,,,,,,,,,,,,,,,,,,,,,,,,,,,,,,,,,,
19L,,,2019/1/17 13:12:54,2019/1/17 13:13:30,PASS,,0.06,,,,,,,,,,,,,,,,,,,,,,,,,,,,,,,,,,,,,,,,,,
20L,,,2019/1/17 13:14:42,2019/1/17 13:15:15,PASS,,,,,,,,,,,,,,,,,,,,0.088,,,,,,,,,,,,,,,,,,,,,,,,
22L,,,2019/1/17 14:06:48,2019/1/17 14:07:50,FAIL,,0.108,0.054,,,,,,,,Gray(RefGray:)-->Gray,,199.9450,,,,,,,,,,,,,,,,,,,,,,,0.133,,0.034,,,,,,
22L-1,,,2019/1/17 14:08:15,2019/1/17 14:09:17,FAIL,,0.088,0.03,,,,,,,,Gray(RefGray:)-->Gray,,87.2804,,,,,,,,,,,,,,,,,,,,,,,0.144,,0.059,,,,,,
23R,,,2019/1/17 14:10:01,2019/1/17 14:10:22,PASS,,,,,,,,,,,,,,,,,,,,,,,,,,,,,,,,,,,,,,,,,,,,
24L,,,2019/1/17 14:13:04,2019/1/17 14:13:37,PASS,,,,,,,,,,,,,,,,,,,,,,,,,,,,,,,,,,,,0.118,,,,,,,,0.169
Y8BPG63252079,,,2019/1/17 17:46:08,2019/1/17 17:46:49,PASS,,,,,,,,,,,,,,,,,,,,,,,,,,,,,,,,,,,,0.405,,,,,,,,
Y8BPR3507306B,,,2019/1/17 17:47:45,2019/1/17 17:48:30,FAIL,,,,,,,,,,,,,,,,,,,,,,,,,,,,,,0.059,,,,,,0.28,D(0.2:)&N(:0]-->D,0.2350,,,,,,
Y8BPR5307305B,,,2019/1/17 17:49:19,2019/1/17 17:51:33,FAIL,,0.132,0.073,0.073,,,,,,,,,,,,,,,,0.073,D(0.1:0.2]&N(:0]&DS(:10)-->DS,0.077,0.673,,,0.165,D(0.05:0.1]&N(:0]&DS(:5)-->DS,0.322,,0.139,0.059,D1(0.05:0.1]&D2(0.1:0.2]&N(:0]&DS(:10]-->DS,0.3060,,,0.786,D(0.2:)&N(:0]-->D,0.2070,,,,,,
