SN,LCDVendor,CameraID,FromTime,ToTime,Result,LSTX_SG_Black_Analyze-BlackSPLCDAlgorithm,LSTX_SG_Black_Analyze-BlackSPLCDAlgorithm,LSTX_SG_BlackZoom_Analyze-BlackSDefPAlgorithmZoom,LSTX_SG_BlackZoom_Analyze-BlackSDefPAlgorithmZoom,LSTX_SG_BlackZoom_Analyze-BlackSRefPAlgorithmZoom,LSTX_SG_BlackZoom_Analyze-BlackSRefPAlgorithmZoom,LSTX_SG_Blue_Analyze-BlueSPAlgorithm,LSTX_SG_Blue_Analyze-BlueSPAlgorithm,LSTX_SG_BlueZoom_Analyze-BlueSBlackPAlgorithmZoom,LSTX_SG_BlueZoom_Analyze-BlueSBlackPAlgorithmZoom,LSTX_SG_Green_Analyze-GreenSPAlgorithm,LSTX_SG_Green_Analyze-GreenSPAlgorithm,LSTX_SG_GreenZoom_Analyze-GreenSBlackPAlgorithmZoom,LSTX_SG_GreenZoom_Analyze-GreenSBlackPAlgorithmZoom,LSTX_SG_Red_Analyze-RedSPAlgorithm,LSTX_SG_Red_Analyze-RedSPAlgorithm,LSTX_SG_White_Analyze-WhiteSPAlgorithm,LSTX_SG_White_Analyze-WhiteSPAlgorithm,LSTX_SG_WhiteZoom_Analyze-WhiteSBlackPAlgorithmZoom,LSTX_SG_WhiteZoom_Analyze-WhiteSBlackPAlgorithmZoom
,,,,,,Criterion,Value,Criterion,Value,Criterion,Value,Criterion,Value,Criterion,Value,Criterion,Value,Criterion,Value,Criterion,Value,Criterion,Value,Criterion,Value
Y8BPJ13142075,,,2019/1/14 15:45,2019/1/14 15:46,PASS,,,,,,,W(0.05:)&N(:0]-->W,0.255,,,,,,,,,,,,
Y8BPR4521107L,,,2019/1/14 15:47,2019/1/14 15:48,PASS,,0.2,,0.043,,,,,,,,,,,,,,,,
Y8BPR4908303E,,,2019/1/14 15:49,2019/1/14 15:49,PASS,,,,,,,,,,,,2.445,,2.446,,,,,,
21,,,2019/1/14 17:39,2019/1/14 17:41,FAIL,,0.141,,,,,,2.573,W(0.05:)&N(:0]-->W,0.113,,2.443,,,,1.523,,4.326,,
